{
    "$schema": "http://schema.management.azure.com/schemas/2015-01-01/deploymentTemplate.json#",
    "contentVersion": "1.0.0.0",
    "variables": {
        "storageAccountApiVersion": "2018-07-01",
        "storageAccountNameTidy": "[toLower(trim(parameters('storageAccountName')))]"
      },
    "parameters": {
        "deploymentId": {
            "type": "string",
            "defaultValue": "[resourceGroup().name]"
        },
        "location": {
            "type": "string",
            "defaultValue": "[resourceGroup().location]"
        },
        "storageAccountName": {
            "type": "string",
            "defaultValue": "[concat(take(replace(parameters('deploymentId'), '-', ''), 4), uniqueString(parameters('deploymentId')), 'sa')]",
            "minLength": 3,
            "maxLength": 24
        },
        "accountType": {
            "type": "string",
             "minLength": 1,
            "allowedValues": [
                "Standard_LRS",
                "Standard_RAGRS",
                "Standard_GRS"
            ],
            "defaultValue": "Standard_LRS"
        },
        "accessTier": {
            "type": "string",
            "defaultValue": "Hot"
        },
        "supportsHttpsTrafficOnly": {
            "type": "bool",
            "defaultValue": true
        },
         "containerName": {
            "type": "string", 
            "defaultValue": "blobcontainer"
        }
    },
    "resources": [
        {
            "name": "[parameters('storageAccountName')]",
            "type": "Microsoft.Storage/storageAccounts",
            "apiVersion": "[variables('storageAccountApiVersion')]",
            "location": "[parameters('location')]",
            "properties": {
                "accessTier": "[parameters('accessTier')]",
                "supportsHttpsTrafficOnly": "[parameters('supportsHttpsTrafficOnly')]"
            },
            "dependsOn": [],
            "sku": {
                "name": "[parameters('accountType')]"
            },
            "kind": "BlobStorage",
            "resources": [
                {
                    "name": "[concat('default/', parameters('containerName'))]",
                    "type": "blobServices/containers",
                    "apiVersion": "[variables('storageAccountApiVersion')]",
                    "dependsOn": [
                        "[parameters('storageAccountName')]"
                    ]
                }
            ]
        }
    ],
    "outputs": {
        "storageAccountConnectionString": {
          "type": "string",
          "value": "[concat('DefaultEndpointsProtocol=https;AccountName=', variables('storageAccountNameTidy'), ';AccountKey=', listKeys(resourceId('Microsoft.Storage/storageAccounts', variables('storageAccountNameTidy')), variables('storageAccountApiVersion')).keys[0].value)]"
        }
      }
}