﻿{
  "$schema": "http://schema.management.azure.com/schemas/2015-01-01/deploymentTemplate.json#",
  "contentVersion": "1.0.0.0",
  "variables": {
    "webApiVersion": "2016-08-01",
    "searchApiVersion": "2015-08-19",
    "appInsightsApiVersion": "2015-05-01",
    "cmWebAppNameTidy": "[toLower(trim(parameters('cmWebAppName')))]",
    "cdWebAppNameTidy": "[toLower(trim(parameters('cdWebAppName')))]",
    "prcWebAppNameTidy": "[toLower(trim(parameters('prcWebAppName')))]",
    "repWebAppNameTidy": "[toLower(trim(parameters('repWebAppName')))]",
    "ddsWebAppNameTidy": "[toLower(trim(parameters('ddsWebAppName')))]",
    "coreDbNameTidy": "[toLower(trim(parameters('coreSqlDatabaseName')))]",
    "masterDbNameTidy": "[toLower(trim(parameters('masterSqlDatabaseName')))]",
    "webDbNameTidy": "[toLower(trim(parameters('webSqlDatabaseName')))]",
    "exmWebDbNameTidy": "[toLower(trim(parameters('exmWebSqlDatabaseName')))]",
    "exmMasterDbNameTidy": "[toLower(trim(parameters('exmMasterSqlDatabaseName')))]",
    "searchServiceNameTidy": "[toLower(trim(parameters('searchServiceName')))]",
    "appInsightsNameTidy": "[toLower(trim(parameters('applicationInsightsName')))]",
    "sqlServerFqdnTidy": "[trim(toLower(parameters('sqlServerFqdn')))]",
    "webSqlServerFqdnTidy": "[trim(toLower(parameters('webSqlServerFqdn')))]",
    "analyticsMongoDbConnStrTidy": "[trim(parameters('analyticsMongoDbConnectionString'))]",
    "trackingLiveMongoDbConnStrTidy": "[trim(parameters('trackingLiveMongoDbConnectionString'))]",
    "trackingContactMongoDbConnStrTidy": "[trim(parameters('trackingContactMongoDbConnectionString'))]",
    "cryptographicKeyTidy": "[trim(parameters('cryptographicKey'))]",
    "internalApiKeyTidy": "[trim(parameters('internalApiKey'))]",
    "authenticationKeyTidy": "[trim(parameters('authenticationKey'))]",
    "dedicatedDispatchService": "/sitecore%20modules/web/exm/dedicateddispatchservice.asmx",
    "emailCampaignClientService": "[concat('url=', parameters('cmWebAppUrl') ,'/sitecore%20modules/web/exm/ecmclientservice.asmx;timeout=60000')]"
  },
  "parameters": {
    "setCompatibilityLevelMsDeployPackageUrl": {
      "type": "securestring",
      "minLength": 1,
      "defaultValue": "https://github.com/Sitecore/Sitecore-Azure-Quickstart-Templates/releases/download/v1.5.0/SetCompatibilityLevel.scwdp.zip"
    },
    "deploymentId": {
      "type": "string",
      "defaultValue": "[resourceGroup().name]"
    },
    "location": {
      "type": "string",
      "defaultValue": "[resourceGroup().location]"
    },
    "passwordSalt": {
      "type": "securestring",
      "minLength": 1,
      "defaultValue": "[resourceGroup().id]"
    },
    "sitecoreAdminPassword": {
      "type": "securestring",
      "minLength": 8
    },
    "licenseXml": {
      "type": "securestring",
      "minLength": 1
    },
    "sqlServerFqdn": {
      "type": "string",
      "defaultValue": "[parameters('infrastructure').sqlServerFqdn]"
    },
    "sqlServerLogin": {
      "type": "string",
      "minLength": 1
    },
    "sqlServerPassword": {
      "type": "securestring",
      "minLength": 8
    },
    "webSqlServerFqdn": {
      "type": "string",
      "defaultValue": "[parameters('infrastructure').webSqlServerFqdn]"
    },
    "webSqlServerLogin": {
      "type": "string",
      "minLength": 1,
      "defaultValue": "[parameters('sqlServerLogin')]"
    },
    "webSqlServerPassword": {
      "type": "securestring",
      "minLength": 8,
      "defaultValue": "[parameters('sqlServerPassword')]"
    },
    "coreSqlDatabaseName": {
      "type": "string",
      "defaultValue": "[concat(parameters('deploymentId'), '-core-db')]"
    },
    "masterSqlDatabaseName": {
      "type": "string",
      "defaultValue": "[concat(parameters('deploymentId'), '-master-db')]"
    },
    "webSqlDatabaseName": {
      "type": "string",
      "defaultValue": "[concat(parameters('deploymentId'), '-web-db')]"
    },
    "exmWebSqlDatabaseName": {
      "type": "string",
      "defaultValue": "[concat(parameters('deploymentId'), '-exm-web-db')]"
    },
    "exmMasterSqlDatabaseName": {
      "type": "string",
      "defaultValue": "[concat(parameters('deploymentId'), '-exm-master-db')]"
    },

    "deployAzureSearch": {
      "type": "bool",
      "defaultValue": true
    },
    "searchServiceName": {
      "type": "string",
      "defaultValue": "[concat(parameters('deploymentId'), '-as')]"
    },

    "applicationInsightsName": {
      "type": "string",
      "defaultValue": "[concat(parameters('deploymentId'), '-ai')]"
    },

    "cmExmMsDeployPackageUrl": {
      "type": "securestring",
      "minLength": 1
    },
    "cmWebAppName": {
      "type": "string",
      "defaultValue": "[concat(parameters('deploymentId'), '-cm')]"
    },
    "cmWebAppUrl": {
      "type": "string",
      "minLength": 1
    },
    "cmExmMasterSqlDatabaseUserName": {
      "type": "string",
      "minLength": 1,
      "defaultValue": "sccmexmmasteruser"
    },
    "cmExmMasterSqlDatabasePassword": {
      "type": "securestring",
      "minLength": 8,
      "defaultValue": "[concat(uniquestring(parameters('cmExmMasterSqlDatabaseUserName'), parameters('passwordSalt')), toUpper(uniquestring(parameters('cmExmMasterSqlDatabaseUserName'), parameters('passwordSalt'), parameters('sqlServerPassword'))), uniquestring(parameters('cmExmMasterSqlDatabaseUserName'), parameters('passwordSalt'), parameters('sitecoreAdminPassword')))]"
    },

    "cdExmContentDeliveryMsDeployPackageUrl": {
      "type": "securestring",
      "minLength": 1
    },
    "cdWebAppName": {
      "type": "string",
      "defaultValue": "[concat(parameters('deploymentId'), '-cd')]"
    },
    "cdWebAppFqdn": {
      "type": "string",
      "minLength": 1
    },
    "cdExmWebSqlDatabaseUserName": {
      "type": "string",
      "minLength": 1,
      "defaultValue": "cdexmwebuser"
    },
    "cdExmWebSqlDatabasePassword": {
      "type": "securestring",
      "minLength": 8,
      "defaultValue": "[concat(uniquestring(parameters('cdExmWebSqlDatabaseUserName'), parameters('passwordSalt')), toUpper(uniquestring(parameters('cdExmWebSqlDatabaseUserName'), parameters('passwordSalt'), parameters('sqlServerPassword'))), uniquestring(parameters('cdExmWebSqlDatabaseUserName'), parameters('passwordSalt'), parameters('sitecoreAdminPassword')))]"
    },

    "prcExmAnalyticsProcessingMsDeployPackageUrl": {
      "type": "securestring",
      "minLength": 1
    },
    "prcWebAppName": {
      "type": "string",
      "defaultValue": "[concat(parameters('deploymentId'), '-prc')]"
    },

    "repExmReportingMsDeployPackageUrl": {
      "type": "securestring",
      "minLength": 1
    },
    "repWebAppName": {
      "type": "string",
      "defaultValue": "[concat(parameters('deploymentId'), '-rep')]"
    },

    "ddsExmMsDeployPackageUrl": {
      "type": "securestring",
      "minLength": 1
    },
    "ddsExmEmailProcessingMsDeployPackageUrl": {
      "type": "securestring",
      "minLength": 1
    },
    "ddsWebAppName": {
      "type": "string",
      "defaultValue": "[concat(parameters('deploymentId'), '-exm-dds')]"
    },
    "ddsCoreSqlDatabaseUserName": {
      "type": "string",
      "minLength": 1,
      "defaultValue": "exmddscoreuser"
    },
    "ddsCoreSqlDatabasePassword": {
      "type": "securestring",
      "minLength": 8,
      "defaultValue": "[concat(uniquestring(parameters('ddsCoreSqlDatabaseUserName'), parameters('passwordSalt')), toUpper(uniquestring(parameters('ddsCoreSqlDatabaseUserName'), parameters('passwordSalt'), parameters('sqlServerPassword'))), uniquestring(parameters('ddsCoreSqlDatabaseUserName'), parameters('passwordSalt'), parameters('sitecoreAdminPassword')))]"
    },
    "ddsMasterSqlDatabaseUserName": {
      "type": "string",
      "minLength": 1,
      "defaultValue": "exmddsmasteruser"
    },
    "ddsMasterSqlDatabasePassword": {
      "type": "securestring",
      "minLength": 8,
      "defaultValue": "[concat(uniquestring(parameters('ddsMasterSqlDatabaseUserName'), parameters('passwordSalt')), toUpper(uniquestring(parameters('ddsMasterSqlDatabaseUserName'), parameters('passwordSalt'), parameters('sqlServerPassword'))), uniquestring(parameters('ddsMasterSqlDatabaseUserName'), parameters('passwordSalt'), parameters('sitecoreAdminPassword')))]"
    },
    "ddsWebSqlDatabaseUserName": {
      "type": "string",
      "minLength": 1,
      "defaultValue": "exmddswebuser"
    },
    "ddsWebSqlDatabasePassword": {
      "type": "securestring",
      "minLength": 8,
      "defaultValue": "[concat(uniquestring(parameters('ddsWebSqlDatabaseUserName'), parameters('passwordSalt')), toUpper(uniquestring(parameters('ddsWebSqlDatabaseUserName'), parameters('passwordSalt'), parameters('sqlServerPassword'))), uniquestring(parameters('ddsWebSqlDatabaseUserName'), parameters('passwordSalt'), parameters('sitecoreAdminPassword')))]"
    },
    "ddsExmMasterSqlDatabaseUserName": {
      "type": "string",
      "minLength": 1,
      "defaultValue": "scddsexmmasteruser"
    },
    "ddsExmMasterSqlDatabasePassword": {
      "type": "securestring",
      "minLength": 8,
      "defaultValue": "[concat(uniquestring(parameters('ddsExmMasterSqlDatabaseUserName'), parameters('passwordSalt')), toUpper(uniquestring(parameters('ddsExmMasterSqlDatabaseUserName'), parameters('passwordSalt'), parameters('sqlServerPassword'))), uniquestring(parameters('ddsExmMasterSqlDatabaseUserName'), parameters('passwordSalt'), parameters('sitecoreAdminPassword')))]"
    },

    "exmSampleNewsletterMsDeployPackageUrl": {
      "type": "securestring",
      "minLength": 1
    },
    "exmSampleNewsletterFileMsDeployPackageUrl": {
      "type": "securestring",
      "minLength": 1
    },

    "bootLoaderMsDeployPackageUrl": {
      "type": "securestring",
      "minLength": 1
    },

    "setTlsVersionMsDeployPackageUrl": {
      "type": "securestring",
      "minLength": 1
    },

    "cryptographicKey": {
      "type": "securestring",
      "minLength": 34
    },
    "authenticationKey": {
      "type": "securestring",
      "minLength": 16
    },
    "internalApiKey": {
      "type": "securestring",
      "minLength": 16
    },

    "repAuthenticationApiKey": {
      "type": "securestring",
      "minLength": 32
    },
    "analyticsMongoDbConnectionString": {
      "type": "securestring",
      "minLength": 1
    },
    "trackingLiveMongoDbConnectionString": {
      "type": "securestring",
      "minLength": 1
    },
    "trackingContactMongoDbConnectionString": {
      "type": "securestring",
      "minLength": 1
    },

    "securityClientIp": {
      "type": "string"
    },
    "securityClientIpMask": {
      "type": "string"
    },

    "telerikEncryptionKey": {
      "type": "securestring",
      "minLength": 8,
      "defaultValue": "[concat(toUpper(uniqueString('telerik', parameters('passwordSalt'))), '@', uniqueString('telerik', parameters('sqlServerPassword'), parameters('passwordSalt')), toUpper(uniqueString('telerik', parameters('sitecoreAdminPassword'), parameters('passwordSalt'))))]"
    },

    "infrastructure": {
      "type": "secureObject",
      "defaultValue": {
      }
    }
  },
  "resources": [
    {
      "name": "[concat(variables('cmWebAppNameTidy'), '/', 'MSDeploy')]",
      "type": "Microsoft.Web/sites/extensions",
      "location": "[parameters('location')]",
      "apiVersion": "[variables('webApiVersion')]",
      "properties": {
        "addOnPackages": [
          {
            "packageUri": "[parameters('setCompatibilityLevelMsDeployPackageUrl')]",
            "dbType": "SQL",
            "connectionString": "[concat('Data Source=tcp:', variables('sqlServerFqdnTidy'), ',1433;Initial Catalog=master;User Id=', parameters('sqlServerLogin'), ';Password=', parameters('sqlServerPassword'), ';')]",
            "setParameters": {
              "Application Path": "[variables('cdWebAppNameTidy')]",
              "Admin Connection String": "[concat('Encrypt=True;TrustServerCertificate=False;Data Source=', variables('sqlServerFqdnTidy'), ',1433;Initial Catalog=master;User Id=', parameters('sqlServerLogin'), ';Password=', parameters('sqlServerPassword'), ';')]"
            }
          },
          {
            "packageUri": "[parameters('setCompatibilityLevelMsDeployPackageUrl')]",
            "dbType": "SQL",
            "connectionString": "[concat('Data Source=tcp:', variables('webSqlServerFqdnTidy'), ',1433;Initial Catalog=master;User Id=', parameters('webSqlServerLogin'), ';Password=', parameters('webSqlServerPassword'), ';')]",
            "setParameters": {
              "Application Path": "[variables('cmWebAppNameTidy')]",
              "Admin Connection String": "[concat('Encrypt=True;TrustServerCertificate=False;Data Source=', variables('webSqlServerFqdnTidy'), ',1433;Initial Catalog=master;User Id=', parameters('webSqlServerLogin'), ';Password=', parameters('webSqlServerPassword'), ';')]"
            }
          },
          {
            "dbType": "SQL",
            "connectionString": "[concat('Data Source=tcp:', variables('sqlServerFqdnTidy'), ',1433;Initial Catalog=master;User Id=', parameters('sqlServerLogin'), ';Password=', parameters('sqlServerPassword'), ';')]",
            "packageUri": "[parameters('cmExmMsDeployPackageUrl')]",
            "setParameters": {
              "Application Path": "[variables('cmWebAppNameTidy')]",
              "Core Admin Connection String": "[concat('Encrypt=True;TrustServerCertificate=False;Data Source=', variables('sqlServerFqdnTidy'), ',1433;Initial Catalog=',variables('coreDbNameTidy'),';User Id=', parameters('sqlServerLogin'), ';Password=', parameters('sqlServerPassword'), ';')]",
              "Master Admin Connection String": "[concat('Encrypt=True;TrustServerCertificate=False;Data Source=', variables('sqlServerFqdnTidy'), ',1433;Initial Catalog=',variables('masterDbNameTidy'),';User Id=', parameters('sqlServerLogin'), ';Password=', parameters('sqlServerPassword'), ';')]",
              "EXM Master Admin Connection String": "[concat('Encrypt=True;TrustServerCertificate=False;Data Source=', variables('sqlServerFqdnTidy'), ',1433;Initial Catalog=',variables('exmMasterDbNameTidy'),';User Id=', parameters('sqlServerLogin'), ';Password=', parameters('sqlServerPassword'), ';')]",
              "EXM Master Connection String": "[concat('Encrypt=True;TrustServerCertificate=False;Data Source=', variables('sqlServerFqdnTidy'), ',1433;Initial Catalog=',variables('exmMasterDbNameTidy'),';User Id=', parameters('cmExmMasterSqlDatabaseUserName'), ';Password=', parameters('cmExmMasterSqlDatabasePassword'), ';')]",
              "EXM Master DB User Name": "[parameters('cmExmMasterSqlDatabaseUserName')]",
              "EXM Master DB Password": "[parameters('cmExmMasterSqlDatabasePassword')]",
              "Cryptographic Key": "[variables('cryptographicKeyTidy')]",
              "Authentication Key": "[variables('authenticationKeyTidy')]",
              "Internal Api Key": "[variables('internalApiKeyTidy')]",
              "Dedicated Dispatch Service": "[variables('dedicatedDispatchService')]",
              "Dedicated Server Host Name": "[concat('https://', reference(concat('Microsoft.Web/sites/', variables('ddsWebAppNameTidy')), variables('webApiVersion')).defaultHostName)]"
            }
          },
          {
            "packageUri": "[parameters('exmSampleNewsletterMsDeployPackageUrl')]",
            "setParameters": {
              "Application Path": "[variables('cmWebAppNameTidy')]",
              "Master Admin Connection String": "[concat('Encrypt=True;TrustServerCertificate=False;Data Source=', variables('sqlServerFqdnTidy'), ',1433;Initial Catalog=',variables('masterDbNameTidy'),';User Id=', parameters('sqlServerLogin'), ';Password=', parameters('sqlServerPassword'), ';')]"
            }
          },
          {
            "packageUri": "[parameters('exmSampleNewsletterFileMsDeployPackageUrl')]",
            "setParameters": {
              "Application Path": "[variables('cmWebAppNameTidy')]"
            }
          }
        ]
      }
    },
    {
      "name": "[concat(variables('cdWebAppNameTidy'), '/', 'MSDeploy')]",
      "type": "Microsoft.Web/sites/extensions",
      "location": "[parameters('location')]",
      "apiVersion": "[variables('webApiVersion')]",
      "properties": {
        "addOnPackages": [
          {
            "dbType": "SQL",
            "connectionString": "[concat('Data Source=tcp:', variables('webSqlServerFqdnTidy'), ',1433;Initial Catalog=master;User Id=', parameters('webSqlServerLogin'), ';Password=', parameters('webSqlServerPassword'), ';')]",
            "packageUri": "[parameters('cdExmContentDeliveryMsDeployPackageUrl')]",
            "setParameters": {
              "Application Path": "[variables('cdWebAppNameTidy')]",
              "EXM Web Admin Connection String": "[concat('Encrypt=True;TrustServerCertificate=False;Data Source=', variables('webSqlServerFqdnTidy'), ',1433;Initial Catalog=',variables('exmWebDbNameTidy'),';User Id=', parameters('webSqlServerLogin'), ';Password=', parameters('webSqlServerPassword'), ';')]",
              "EXM Web Connection String": "[concat('Encrypt=True;TrustServerCertificate=False;Data Source=', variables('webSqlServerFqdnTidy'), ',1433;Initial Catalog=',variables('exmWebDbNameTidy'),';User Id=', parameters('cdExmWebSqlDatabaseUserName'), ';Password=', parameters('cdExmWebSqlDatabasePassword'), ';')]",
              "EXM Web DB User Name": "[parameters('cdExmWebSqlDatabaseUserName')]",
              "EXM Web DB Password": "[parameters('cdExmWebSqlDatabasePassword')]",
              "Cryptographic Key": "[variables('cryptographicKeyTidy')]",
              "Authentication Key": "[variables('authenticationKeyTidy')]",
              "Internal Api Key": "[variables('internalApiKeyTidy')]",
              "Email Campaign Client Service": "[variables('emailCampaignClientService')]",
              "Analytics Cluster Name": "[parameters('cdWebAppFqdn')]"
            }
          },
          {
            "packageUri": "[parameters('exmSampleNewsletterFileMsDeployPackageUrl')]",
            "setParameters": {
              "Application Path": "[variables('ddsWebAppNameTidy')]"
            }
          }
        ]
      }
    },
    {
      "name": "[concat(variables('prcWebAppNameTidy'), '/', 'MSDeploy')]",
      "type": "Microsoft.Web/sites/extensions",
      "location": "[parameters('location')]",
      "apiVersion": "[variables('webApiVersion')]",
      "properties": {
        "addOnPackages": [
          {
            "dbType": "None",
            "connectionString": "",
            "packageUri": "[parameters('prcExmAnalyticsProcessingMsDeployPackageUrl')]",
            "setParameters": {
              "Application Path": "[variables('prcWebAppNameTidy')]"
            }
          }
        ]
      }
    },
    {
      "name": "[concat(variables('repWebAppNameTidy'), '/', 'MSDeploy')]",
      "type": "Microsoft.Web/sites/extensions",
      "location": "[parameters('location')]",
      "apiVersion": "[variables('webApiVersion')]",
      "properties": {
        "addOnPackages": [
          {
            "dbType": "None",
            "connectionString": "",
            "packageUri": "[parameters('repExmReportingMsDeployPackageUrl')]",
            "setParameters": {
              "Application Path": "[variables('repWebAppNameTidy')]"
            }
          }
        ]
      }
    },
    {
      "name": "[concat(variables('ddsWebAppNameTidy'), '/', 'MSDeploy')]",
      "type": "Microsoft.Web/sites/extensions",
      "location": "[parameters('location')]",
      "apiVersion": "[variables('webApiVersion')]",
      "properties": {
        "addOnPackages": [
          {
            "packageUri": "[parameters('setTlsVersionMsDeployPackageUrl')]",
            "setParameters": {
              "Application Path": "[variables('ddsWebAppNameTidy')]"
            }
          },
          {
            "dbType": "SQL",
            "connectionString": "[concat('Data Source=tcp:', variables('sqlServerFqdnTidy'), ',1433;Initial Catalog=master;User Id=', parameters('sqlServerLogin'), ';Password=', parameters('sqlServerPassword'), ';')]",
            "packageUri": "[parameters('ddsExmMsDeployPackageUrl')]",
            "setParameters": {
              "Application Path": "[variables('ddsWebAppNameTidy')]",
              "Core DB User Name": "[parameters('ddsCoreSqlDatabaseUserName')]",
              "Core DB Password": "[parameters('ddsCoreSqlDatabasePassword')]",
              "Core Admin Connection String": "[concat('Encrypt=True;TrustServerCertificate=False;Data Source=', variables('sqlServerFqdnTidy'), ',1433;Initial Catalog=',variables('coreDbNameTidy'),';User Id=', parameters('sqlServerLogin'), ';Password=', parameters('sqlServerPassword'), ';')]",
              "Core Connection String": "[concat('Encrypt=True;TrustServerCertificate=False;Data Source=', variables('sqlServerFqdnTidy'), ',1433;Initial Catalog=',variables('coreDbNameTidy'),';User Id=', parameters('ddsCoreSqlDatabaseUserName'), ';Password=', parameters('ddsCoreSqlDatabasePassword'), ';')]",
              "Master DB User Name": "[parameters('ddsMasterSqlDatabaseUserName')]",
              "Master DB Password": "[parameters('ddsMasterSqlDatabasePassword')]",
              "Master Admin Connection String": "[concat('Encrypt=True;TrustServerCertificate=False;Data Source=', variables('sqlServerFqdnTidy'), ',1433;Initial Catalog=',variables('masterDbNameTidy'),';User Id=', parameters('sqlServerLogin'), ';Password=', parameters('sqlServerPassword'), ';')]",
              "Master Connection String": "[concat('Encrypt=True;TrustServerCertificate=False;Data Source=', variables('sqlServerFqdnTidy'), ',1433;Initial Catalog=',variables('masterDbNameTidy'),';User Id=', parameters('ddsMasterSqlDatabaseUserName'), ';Password=', parameters('ddsMasterSqlDatabasePassword'), ';')]",
              "Web DB User Name": "[parameters('ddsWebSqlDatabaseUserName')]",
              "Web DB Password": "[parameters('ddsWebSqlDatabasePassword')]",
              "Web Admin Connection String": "[concat('Encrypt=True;TrustServerCertificate=False;Data Source=', variables('webSqlServerFqdnTidy'), ',1433;Initial Catalog=',variables('webDbNameTidy'),';User Id=', parameters('webSqlServerLogin'), ';Password=', parameters('webSqlServerPassword'), ';')]",
              "Web Connection String": "[concat('Encrypt=True;TrustServerCertificate=False;Data Source=', variables('webSqlServerFqdnTidy'), ',1433;Initial Catalog=',variables('webDbNameTidy'),';User Id=', parameters('ddsWebSqlDatabaseUserName'), ';Password=', parameters('ddsWebSqlDatabasePassword'), ';')]",
              "Reporting Service Url": "[concat('https://', reference(resourceId(subscription().subscriptionId, resourceGroup().name, 'Microsoft.Web/sites', variables('repWebAppNameTidy')), variables('webApiVersion')).hostNames[0])]",
              "Reporting Service Api Key": "[parameters('repAuthenticationApiKey')]",
              "Analytics Connection String": "[variables('analyticsMongoDbConnStrTidy')]",
              "Cloud Search Connection String": "[if(parameters('deployAzureSearch'), concat('serviceUrl=https://', variables('searchServiceNameTidy'), '.search.windows.net;apiVersion=', variables('searchApiVersion'), ';apiKey=', listAdminKeys(resourceId('Microsoft.Search/searchServices', variables('searchServiceNameTidy')), variables('searchApiVersion')).primaryKey), 'NOT USED')]",
              "Tracking Live Connection String": "[variables('trackingLiveMongoDbConnStrTidy')]",
              "Tracking Contact Connection String": "[variables('trackingContactMongoDbConnStrTidy')]",
              "Application Insights Instrumentation Key": "[reference(resourceId('Microsoft.Insights/Components', variables('appInsightsNameTidy')), variables('appInsightsApiVersion')).InstrumentationKey]",
              "Application Insights Role": "DDS",
              "Social Link Domain": "[parameters('cdWebAppFqdn')]",
              "IP Security Client IP": "[parameters('securityClientIp')]",
              "IP Security Client IP Mask": "[parameters('securityClientIpMask')]",
              "Telerik Encryption Key": "[parameters('telerikEncryptionKey')]",
              "License Xml": "[parameters('licenseXml')]"
            }
          },
          {
            "dbType": "SQL",
            "connectionString": "[concat('Data Source=tcp:', variables('sqlServerFqdnTidy'), ',1433;Initial Catalog=master;User Id=', parameters('sqlServerLogin'), ';Password=', parameters('sqlServerPassword'), ';')]",
            "packageUri": "[parameters('ddsExmEmailProcessingMsDeployPackageUrl')]",
            "setParameters": {
              "Application Path": "[variables('ddsWebAppNameTidy')]",
              "EXM Master Admin Connection String": "[concat('Encrypt=True;TrustServerCertificate=False;Data Source=', variables('sqlServerFqdnTidy'), ',1433;Initial Catalog=',variables('exmMasterDbNameTidy'),';User Id=', parameters('sqlServerLogin'), ';Password=', parameters('sqlServerPassword'), ';')]",
              "EXM Master DB User Name": "[parameters('ddsExmMasterSqlDatabaseUserName')]",
              "EXM Master DB Password": "[parameters('ddsExmMasterSqlDatabasePassword')]",
              "EXM Master Connection String": "[concat('Encrypt=True;TrustServerCertificate=False;Data Source=', variables('sqlServerFqdnTidy'), ',1433;Initial Catalog=',variables('exmMasterDbNameTidy'),';User Id=', parameters('ddsExmMasterSqlDatabaseUserName'), ';Password=', parameters('ddsExmMasterSqlDatabasePassword'), ';')]",
              "Cryptographic Key": "[variables('cryptographicKeyTidy')]",
              "Authentication Key": "[variables('authenticationKeyTidy')]",
              "Internal Api Key": "[variables('internalApiKeyTidy')]"
            }
          },
          {
            "dbType": "None",
            "connectionString": "",
            "packageUri": "[parameters('exmSampleNewsletterFileMsDeployPackageUrl')]",
            "setParameters": {
              "Application Path": "[variables('ddsWebAppNameTidy')]"
            }
          },
          {
            "dbType": "None",
            "connectionString": "",
            "packageUri": "[parameters('bootLoaderMsDeployPackageUrl')]",
            "setParameters": {
              "Application Path": "[variables('ddsWebAppNameTidy')]"
            }
          }
        ]
      }
    }
  ]
}
