{
  "$schema": "https://schema.management.azure.com/schemas/2015-01-01/deploymentTemplate.json#",
  "contentVersion": "1.0.0.0",
  "parameters": {
    "infrastructure": {
      "type": "secureObject",
      "defaultValue": {}
    },
    "deploymentId": {
      "type": "string"
    },
    "omsWorkspaceName": {
      "type": "string",
      "defaultValue": "[parameters('infrastructure').omsWorkspaceName]",
      "metadata": {
        "description": "OMS Workspace name."
      }
    },
    "omsWorkspaceLocation": {
      "type": "string",
      "defaultValue": "[parameters('infrastructure').omsWorkspaceLocation]",
      "metadata": {
        "description": "the Location in which your OMS will be provisioned"
      }
    },
    "omsWorkspaceAlertRecipients": {
      "type": "string",
      "metadata": {
        "Description": "List of recipients for the email alert separated by semicolon"
      }
    },
    "actionGroupName": {
      "type": "string",
      "defaultValue": "[parameters('infrastructure').actionGroupName]",
      "metadata": {
        "description": "The name of the action group to be associated with the alerts actions"
      }
    },
    "resourceTags": {
      "type": "object"
    }
  },
  "variables": {
    "actionGroupResourceId": "[resourceId('Microsoft.Insights/actionGroups',parameters('actionGroupName'))]",
    "workspaceApiVersion": "2017-04-26-preview",
    "alertResourcesApiVersion": "2018-04-16",
    "metricAlertResourcesApiVersion": "2018-03-01"
  },
  "resources": [
    {
      "name": "[concat('Hosting Plan reporting high CPU usage_', parameters('deploymentId'),'-cd-hp')]",
      "type": "Microsoft.Insights/scheduledqueryrules",
      "apiVersion": "[variables('alertResourcesApiVersion')]",
      "location": "[toLower(replace(parameters('omsWorkspaceLocation'), ' ', ''))]",
      "tags": "[parameters('resourceTags')]",
      "properties": {
        "description": "[concat('Check Hosting Plan reporting high CPU usage_', parameters('deploymentId'),'-cd-hp')]",
        "enabled": "true",
        "source": {
          "query": "[concat('let resourceName = \"',parameters('deploymentId'),'-cd-hp','\";let metricName =\"CpuPercentage\";let resourceProvider =\"MICROSOFT.WEB\";let resourceIdContains =\"/SERVERFARMS/\";AzureMetrics | where ResourceProvider== resourceProvider and ResourceId contains resourceIdContains and MetricName== metricName and Resource == toupper(resourceName) | summarize AggregatedValue = avg(Maximum) by bin(TimeGenerated, 1m),Resource | top 60 by TimeGenerated')]",
          "dataSourceId": "[resourceId('Microsoft.OperationalInsights/workspaces/', parameters('omsWorkspaceName'))]",
          "queryType": "ResultCount"
        },
        "schedule": {
          "frequencyInMinutes": "10",
          "timeWindowInMinutes": "60"
        },
        "action": {
          "odata.type": "Microsoft.WindowsAzure.Management.Monitoring.Alerts.Models.Microsoft.AppInsights.Nexus.DataContracts.Resources.ScheduledQueryRules.AlertingAction",
          "severity": "1",
          "throttlingInMin": "0",
          "aznsAction": {
            "actionGroup": [
              "[variables('actionGroupResourceId')]"
            ],
            "emailSubject": "[concat('Check Hosting Plan reporting high CPU usage_', parameters('deploymentId'),'-cd-hp')]"
          },
          "trigger": {
            "thresholdOperator": "GreaterThan",
            "threshold": "95",
            "metricTrigger": {
              "thresholdOperator": "GreaterThan",
              "threshold": "30",
              "metricTriggerType": "Total"
            }
          }
        }
      }
    },
    {
      "name": "[concat('Hosting plan reporting low available memory_', parameters('deploymentId'),'-cd-hp')]",
      "type": "Microsoft.Insights/scheduledqueryrules",
      "apiVersion": "[variables('alertResourcesApiVersion')]",
      "location": "[toLower(replace(parameters('omsWorkspaceLocation'), ' ', ''))]",
      "tags": "[parameters('resourceTags')]",
      "properties": {
        "description": "[concat('Check Hosting plan reporting low available memory_', parameters('deploymentId'),'-cd-hp')]",
        "enabled": "true",
        "source": {
          "query": "[concat('let resourceName = \"',parameters('deploymentId'),'-cd-hp','\"; let metricName =\"MemoryPercentage\";let resourceProvider =\"MICROSOFT.WEB\";let resourceIdContains =\"SERVERFARMS\";AzureMetrics | where ResourceProvider== resourceProvider and ResourceId contains resourceIdContains and MetricName== metricName and Resource == toupper(resourceName) | summarize AggregatedValue = avg(Average) by bin(TimeGenerated, 1m),Resource | top 60 by TimeGenerated')]",
          "dataSourceId": "[resourceId('Microsoft.OperationalInsights/workspaces/', parameters('omsWorkspaceName'))]",
          "queryType": "ResultCount"
        },
        "schedule": {
          "frequencyInMinutes": "10",
          "timeWindowInMinutes": "60"
        },
        "action": {
          "odata.type": "Microsoft.WindowsAzure.Management.Monitoring.Alerts.Models.Microsoft.AppInsights.Nexus.DataContracts.Resources.ScheduledQueryRules.AlertingAction",
          "severity": "1",
          "throttlingInMin": "0",
          "aznsAction": {
            "actionGroup": [
              "[variables('actionGroupResourceId')]"
            ],
            "emailSubject": "[concat('Check Hosting plan reporting low available memory_', parameters('deploymentId'),'-cd-hp')]"
          },
          "trigger": {
            "thresholdOperator": "GreaterThan",
            "threshold": "95",
            "metricTrigger": {
              "thresholdOperator": "GreaterThan",
              "threshold": "30",
              "metricTriggerType": "Consecutive"
            }
          }
        }
      }
    },
    {
      "name": "[concat('Hosting Plan reporting high CPU usage_', parameters('deploymentId'),'-cm-hp')]",
      "type": "Microsoft.Insights/scheduledqueryrules",
      "apiVersion": "[variables('alertResourcesApiVersion')]",
      "location": "[toLower(replace(parameters('omsWorkspaceLocation'), ' ', ''))]",
      "tags": "[parameters('resourceTags')]",
      "properties": {
        "description": "[concat('Check Hosting Plan reporting high CPU usage_', parameters('deploymentId'),'-cm-hp')]",
        "enabled": "true",
        "source": {
          "query": "[concat('let resourceName = \"',parameters('deploymentId'),'-cm-hp','\";let metricName =\"CpuPercentage\";let resourceProvider =\"MICROSOFT.WEB\";let resourceIdContains =\"/SERVERFARMS/\";AzureMetrics | where ResourceProvider== resourceProvider and ResourceId contains resourceIdContains and MetricName== metricName and Resource == toupper(resourceName) | summarize AggregatedValue = avg(Maximum) by bin(TimeGenerated, 1m),Resource | top 60 by TimeGenerated')]",
          "dataSourceId": "[resourceId('Microsoft.OperationalInsights/workspaces/', parameters('omsWorkspaceName'))]",
          "queryType": "ResultCount"
        },
        "schedule": {
          "frequencyInMinutes": "10",
          "timeWindowInMinutes": "60"
        },
        "action": {
          "odata.type": "Microsoft.WindowsAzure.Management.Monitoring.Alerts.Models.Microsoft.AppInsights.Nexus.DataContracts.Resources.ScheduledQueryRules.AlertingAction",
          "severity": "1",
          "throttlingInMin": "0",
          "aznsAction": {
            "actionGroup": [
              "[variables('actionGroupResourceId')]"
            ],
            "emailSubject": "[concat('Check Hosting Plan reporting high CPU usage_', parameters('deploymentId'),'-cm-hp')]"
          },
          "trigger": {
            "thresholdOperator": "GreaterThan",
            "threshold": "95",
            "metricTrigger": {
              "thresholdOperator": "GreaterThan",
              "threshold": "30",
              "metricTriggerType": "Total"
            }
          }
        }
      }
    },
    {
      "name": "[concat('Hosting plan reporting low available memory_', parameters('deploymentId'),'-cm-hp')]",
      "type": "Microsoft.Insights/scheduledqueryrules",
      "apiVersion": "[variables('alertResourcesApiVersion')]",
      "location": "[toLower(replace(parameters('omsWorkspaceLocation'), ' ', ''))]",
      "tags": "[parameters('resourceTags')]",
      "properties": {
        "description": "[concat('Check Hosting plan reporting low available memory_', parameters('deploymentId'),'-cm-hp')]",
        "enabled": "true",
        "source": {
          "query": "[concat('let resourceName = \"',parameters('deploymentId'),'-cm-hp','\"; let metricName =\"MemoryPercentage\";let resourceProvider =\"MICROSOFT.WEB\";let resourceIdContains =\"SERVERFARMS\";AzureMetrics | where ResourceProvider== resourceProvider and ResourceId contains resourceIdContains and MetricName== metricName and Resource == toupper(resourceName) | summarize AggregatedValue = avg(Average) by bin(TimeGenerated, 1m),Resource | top 60 by TimeGenerated')]",
          "dataSourceId": "[resourceId('Microsoft.OperationalInsights/workspaces/', parameters('omsWorkspaceName'))]",
          "queryType": "ResultCount"
        },
        "schedule": {
          "frequencyInMinutes": "10",
          "timeWindowInMinutes": "60"
        },
        "action": {
          "odata.type": "Microsoft.WindowsAzure.Management.Monitoring.Alerts.Models.Microsoft.AppInsights.Nexus.DataContracts.Resources.ScheduledQueryRules.AlertingAction",
          "severity": "1",
          "throttlingInMin": "0",
          "aznsAction": {
            "actionGroup": [
              "[variables('actionGroupResourceId')]"
            ],
            "emailSubject": "[concat('Check Hosting plan reporting low available memory_', parameters('deploymentId'),'-cm-hp')]"
          },
          "trigger": {
            "thresholdOperator": "GreaterThan",
            "threshold": "95",
            "metricTrigger": {
              "thresholdOperator": "GreaterThan",
              "threshold": "30",
              "metricTriggerType": "Consecutive"
            }
          }
        }
      }
    }
  ]
}