{
  "$schema": "http://schema.management.azure.com/schemas/2015-01-01/deploymentTemplate.json#",
  "contentVersion": "1.0.0.0",
  "variables": {
    "webApiVersion": "2016-08-01"
  },
  "parameters": {
    "standard": {
      "type": "secureObject",
      "defaultValue": {
        "cmWebAppName": "[concat(parameters('deploymentId'),'-single')]",
        "sqlServerName": "[concat(parameters('deploymentId'), '-sql')]",
        "coreSqlDatabaseName": "[concat(parameters('deploymentId'), '-core-db')]",
        "masterSqlDatabaseName": "[concat(parameters('deploymentId'), '-master-db')]",
        "reportingSqlDatabaseName": "[concat(parameters('deploymentId'), '-reporting-db')]"
      }
    },
    "extension": {
      "type": "secureObject",
      "defaultValue": {
        "msDeployPackageUrl": "$default"
      }
    },
    "deploymentId": {
      "type": "string",
      "defaultValue": "[parameters('standard').deploymentId]"
    },
    "location": {
      "type": "string",
      "defaultValue": "[parameters('standard').location]"
    },
    "cmWebAppName": {
      "type": "string",
      "defaultValue": "[toLower(trim(parameters('standard').cmWebAppName))]"
    },
    "msDeployPackageUrl": {
      "type": "securestring",
      "defaultValue": "[parameters('extension').msDeployPackageUrl]"
    },
    "sqlServerName": {
      "type": "string",
      "defaultValue": "[toLower(trim(parameters('standard').sqlServerName))]"
    },
    "sqlServerLogin": {
      "type": "string",
      "minLength": 1,
      "defaultValue": "[parameters('standard').sqlServerLogin]"
    },
    "sqlServerPassword": {
      "type": "securestring",
      "minLength": 8,
      "defaultValue": "[parameters('standard').sqlServerPassword]"
    },
    "coreSqlDatabaseName": {
      "type": "string",
      "defaultValue": "[toLower(trim(parameters('standard').coreSqlDatabaseName))]"
    },
    "masterSqlDatabaseName": {
      "type": "string",
      "defaultValue": "[toLower(trim(parameters('standard').masterSqlDatabaseName))]"
    },
    "reportingSqlDatabaseName": {
      "type": "string",
      "defaultValue": "[toLower(trim(parameters('standard').reportingSqlDatabaseName ))]"
    }
  },
  "resources": [
    {
      "name": "[concat(parameters('cmWebAppName'), '/', 'MSDeploy')]",
      "type": "Microsoft.Web/sites/extensions",
      "location": "[parameters('location')]",
      "apiVersion": "[variables('webApiVersion')]",
      "properties": {
        "addOnPackages": [
          {
            "dbType": "SQL",
            "connectionString": "[concat('Data Source=tcp:', parameters('standard').infrastructure.sqlServerFqdn, ',1433;Initial Catalog=master;User Id=', parameters('sqlServerLogin'), '@', parameters('sqlServerName'), ';Password=', parameters('sqlServerPassword'), ';')]",
            "packageUri": "[parameters('msDeployPackageUrl')]",
            "setParameters": {
              "Application Path": "[parameters('cmWebAppName')]",
              "Master Admin Connection String": "[concat('Encrypt=True;TrustServerCertificate=False;Data Source=', parameters('standard').infrastructure.sqlServerFqdn, ',1433;Initial Catalog=',parameters('masterSqlDatabaseName'),';User Id=', parameters('sqlServerLogin'), ';Password=', parameters('sqlServerPassword'), ';')]"
            }
          }
        ]
      }
    }
  ]
}