{
  "$schema": "http://schema.management.azure.com/schemas/2015-01-01/deploymentTemplate.json#",
  "contentVersion": "1.0.0.0",
  "variables": {
    "webApiVersion": "2016-08-01",

    "sqlServerFqdnTidy": "[trim(toLower(parameters('sqlServerFqdn')))]",
    "xcSingleWebAppNameTidy": "[trim(toLower(parameters('xcSingleWebAppName')))]",
	"defTsWebAppNameTidy": "[trim(toLower(parameters('defTsWebAppName')))]"	
  },
  "parameters": {
    "standard": {
      "type": "secureObject",
      "defaultValue": {
        "infrastructure": { "sqlServerFqdn":null },
        "deploymentId": null,
        "location": null,
        "sqlServerLogin": null,
        "sqlServerPassword": null,
        "xcSingleWebAppName": null,
		"defTsWebAppName": null
      }
    },
    "extension": {
      "type": "secureObject",
      "defaultValue": {
        "msDeployPackageUrl": null
      }
    },
    "infrastructure": {
      "type": "secureObject",
      "defaultValue": "[parameters('standard').infrastructure]"
    },
    
    "deploymentId": {
      "type": "string",
      "defaultValue": "[coalesce(parameters('standard').deploymentId, resourceGroup().name)]"
    },
    "location": {
      "type": "string",
      "minLength": 1,
      "defaultValue": "[coalesce(parameters('standard').location, resourceGroup().location)]"
    },

    "sqlServerFqdn": {
      "type": "string",
      "minLength": 1,
      "defaultValue": "[parameters('infrastructure').sqlServerFqdn]"
    },
    "sqlServerLogin": {
      "type": "string",
      "minLength": 1,
      "defaultValue": "[parameters('standard').sqlServerLogin]"
    },
    "sqlServerPassword": {
      "type": "securestring",
      "minLength": 8,
      "defaultValue": "[parameters('standard').sqlServerPassword]"
    },
    "xcSingleWebAppName": {
      "type": "string",
      "minLength": 1,
      "defaultValue": "[coalesce(parameters('standard').xcSingleWebAppName, concat(parameters('deploymentId'), '-xc-single'))]"
    },
	"defTsWebAppName": {
      "type": "string",
      "minLength": 1,
      "defaultValue": "[concat(parameters('deploymentId'), '-def-ts')]"
    },
    "msDeployPackageUrl": {
      "type": "securestring",
      "minLength": 1,
      "defaultValue": "[parameters('extension').msDeployPackageUrl]"
    }
  },
  "resources": [
    {
      "name": "[concat(variables('xcSingleWebAppNameTidy'), '/', 'MSDeploy')]",
      "type": "Microsoft.Web/sites/extensions",
      "location": "[parameters('location')]",
      "apiVersion": "[variables('webApiVersion')]",
      "properties": {
        "addOnPackages": [
          {
            "dbType": "SQL",
            "connectionString": "[concat('Data Source=tcp:', variables('sqlServerFqdnTidy'), ',1433;Initial Catalog=master;User Id=', parameters('sqlServerLogin'), ';Password=', parameters('sqlServerPassword'), ';')]",
            "packageUri": "[parameters('msDeployPackageUrl')]",
            "setParameters": {
              "Application Path": "[variables('xcSingleWebAppNameTidy')]",
              "Tenant Service Connection String": "[variables('defTsWebAppNameTidy')]"
            }
          }
        ]
      }
    }
  ]
}