{
  "$schema": "http://schema.management.azure.com/schemas/2015-01-01/deploymentTemplate.json#",
  "contentVersion": "1.0.0.0",
  "variables": {
    "webApiVersion": "2016-08-01",
	"resourcesApiVersion": "2016-09-01",
    "sqlServerFqdnTidy": "[toLower(trim(parameters('sqlServerFqdn')))]",
    "coreSqlDatabaseNameTidy": "[toLower(trim(parameters('coreSqlDatabaseName')))]",
    "masterSqlDatabaseNameTidy": "[toLower(trim(parameters('masterSqlDatabaseName')))]",
    "singleWebAppNameTidy": "[toLower(trim(parameters('singleWebAppName')))]"
  },
  "parameters": {
    "standard": {
      "type": "secureObject",
      "defaultValue": {
        "infrastructure": {
          "sqlServerFqdn": null,
          "authCertificateThumbprint": null
        },

        "deploymentId": null,
        "location": null,
        "sqlServerLogin": null,
        "sqlServerPassword": null,
        "coreSqlDatabaseName": null,
        "masterSqlDatabaseName": null,
        "singleWebAppName": null
      }
    },
    "extension": {
      "type": "secureObject",
      "defaultValue": {
        "jssMsDeployPackageUrl": null
      }
    },

    "templateLinkBase": {
      "type": "string",
      "minLength": 1,
      "defaultValue": "[uri(replace(json(string(deployment().properties.templateLink)).uri,' ','%20'), '.')]"
    },

    "deploymentId": {
      "type": "string",
      "defaultValue": "[coalesce(parameters('standard').deploymentId, resourceGroup().name)]"
    },
	
    "location": {
      "type": "string",
      "minLength": 1,
      "defaultValue": "[coalesce(parameters('standard').location, resourceGroup().location)]"
    },

    "sqlServerFqdn": {
      "type": "string",
      "minLength": 1,
      "defaultValue": "[coalesce(parameters('standard').infrastructure.sqlServerFqdn, concat(parameters('deploymentId'), '-sql.database.windows.net'))]"
    },
    "sqlServerLogin": {
      "type": "string",
      "minLength": 1,
      "defaultValue": "[parameters('standard').sqlServerLogin]"
    },
    "sqlServerPassword": {
      "type": "securestring",
      "minLength": 8,
      "defaultValue": "[parameters('standard').sqlServerPassword]"
    },

    "coreSqlDatabaseName": {
      "type": "string",
      "minLength": 1,
      "defaultValue": "[coalesce(parameters('standard').coreSqlDatabaseName, concat(parameters('deploymentId'), '-core-db'))]"
    },
	
    "masterSqlDatabaseName": {
      "type": "string",
      "minLength": 1,
      "defaultValue": "[coalesce(parameters('standard').masterSqlDatabaseName, concat(parameters('deploymentId'), '-master-db'))]"
    },
	
    "singleWebAppName": {
      "type": "string",
      "minLength": 1,
      "defaultValue": "[concat(parameters('deploymentId'), '-single')]"
    },
	
    "jssMsDeployPackageUrl": {
      "type": "securestring",
      "minLength": 1,
      "defaultValue": "[parameters('extension').jssMsDeployPackageUrl]"
    }
  },

  "resources": [
    {
      "name": "[concat(variables('singleWebAppNameTidy'), '/', 'MSDeploy')]",
      "type": "Microsoft.Web/sites/extensions",
      "location": "[parameters('location')]",
      "apiVersion": "[variables('webApiVersion')]",
      "properties": {
        "addOnPackages": [
          {
            "packageUri": "[parameters('jssMsDeployPackageUrl')]",
            "dbType": "SQL",
            "connectionString": "[concat('Data Source=tcp:', variables('sqlServerFqdnTidy'), ',1433;Initial Catalog=master;User Id=', parameters('sqlServerLogin'), ';Password=', parameters('sqlServerPassword'), ';')]",
            "setParameters": {
              "Application Path": "[variables('singleWebAppNameTidy')]",
              "Core Admin Connection String": "[concat('Encrypt=True;TrustServerCertificate=False;Data Source=', variables('sqlServerFqdnTidy'), ',1433;Initial Catalog=',variables('coreSqlDatabaseNameTidy'),';User Id=', parameters('sqlServerLogin'), ';Password=', parameters('sqlServerPassword'), ';')]",
              "Master Admin Connection String": "[concat('Encrypt=True;TrustServerCertificate=False;Data Source=', variables('sqlServerFqdnTidy'), ',1433;Initial Catalog=',variables('masterSqlDatabaseNameTidy'),';User Id=', parameters('sqlServerLogin'), ';Password=', parameters('sqlServerPassword'), ';')]"
            }
          }
        ]
      }
    }
  ]
}
