{
    "$schema": "http://schema.management.azure.com/schemas/2015-01-01/deploymentTemplate.json",
    "contentVersion": "1.0.0.0",
    "variables": {
        "cdnApiVersion": "2016-04-02",
        "cdnProfileNameTidy": "[toLower(trim(parameters('cdnProfileName')))]",
        "cdnEndpointNameTidy": "[toLower(trim(parameters('cdnEndpointName')))]"
    },
    "parameters": {
        "deploymentId": {
            "type": "string",
            "defaultValue": "[resourceGroup().name]"
        },
        "cdWebAppHostname": {
            "type": "string",
            "minLength": 1,
            "defaultValue": "[concat(parameters('deploymentId'), '-cd', '.azurewebsites.net')]"
        },
        "cdnProfileName": {
            "type": "string",
            "defaultValue": "[concat(parameters('deploymentId'), '-cdn')]"
        },
        "cdnEndpointName": {
            "type": "string",
            "defaultValue": "[concat(parameters('cdnProfileName'), '-endpoint')]"
        },
        "location": {
            "type": "string",
            "defaultValue": "[resourceGroup().location]"
        },
        "cdnSKU": {
            "type": "string",
            "minLength": 1,
            "allowedValues": ["Premium_Verizon", "Standard_Verizon", "Standard_Akamai", "Standard_Microsoft"],
            "metadata": {
                "description": "Name of the pricing tier of CDN Profiles. - Premium_Verizon, Standard_Verizon, Standard_Akamai, Standard_Microsoft"
            }
        },
        "defaultContentTypeToCompress": {
            "type": "array",
            "defaultValue": [
                "application/eot",
                "application/font",
                "application/font-sfnt",
                "application/javascript",
                "application/json",
                "application/opentype",
                "application/otf",
                "application/pkcs7-mime",
                "application/truetype",
                "application/ttf",
                "application/vnd.ms-fontobject",
                "application/xhtml+xml",
                "application/xml",
                "application/xml+rss",
                "application/x-font-opentype",
                "application/x-font-truetype",
                "application/x-font-ttf",
                "application/x-httpd-cgi",
                "application/x-javascript",
                "application/x-mpegurl",
                "application/x-opentype",
                "application/x-otf",
                "application/x-perl",
                "application/x-ttf",
                "font/eot",
                "font/ttf",
                "font/otf",
                "font/opentype",
                "image/svg+xml",
                "text/css",
                "text/csv",
                "text/html",
                "text/javascript",
                "text/js",
                "text/plain",
                "text/richtext",
                "text/tab-separated-values",
                "text/xml",
                "text/x-script",
                "text/x-component",
                "text/x-java-source"
            ]
        },
        "defaultEndpointWithCompression": {
            "type": "object",
            "defaultValue": {
                "isCompressionEnabled": true,
                "contentTypesToCompress": "[parameters('defaultContentTypeToCompress')]"
            }
        },
        "defaultEndpointWithQueryString": {
            "type": "object",
            "defaultValue": {
                "queryStringCachingBehavior": "UseQueryString"
            }
        },
        "defaultEndpointProperties": {
            "type": "object",
            "defaultValue": {
                "isHttpAllowed": true,
                "isHttpsAllowed": true,
                "originHostHeader": "[parameters('cdWebAppHostname')]",
                "origins": [{
                    "name": "[replace(parameters('cdWebAppHostname'), '.', '-')]",
                    "properties": {
                        "hostName": "[parameters('cdWebAppHostname')]",
                        "httpPort": 80,
                        "httpsPort": 443
                    }
                }]
            }
        },
        "defaultStandardEndpointProperties": {
            "type": "object",
            "defaultValue": "[union(parameters('defaultEndpointProperties'), parameters('defaultEndpointWithCompression'), parameters('defaultEndpointWithQueryString'))]"
        },
        "cdnSKUMap": {
            "type": "object",
            "defaultValue": {
                "Premium_Verizon": {
                    "endpointProperties": "[parameters('defaultEndpointProperties')]"
                },
                "Standard_Verizon": {
                    "endpointProperties": "[parameters('defaultStandardEndpointProperties')]"
                },
                "Standard_Akamai": {
                    "endpointProperties": "[parameters('defaultStandardEndpointProperties')]"
                },
                "Standard_Microsoft": {
                    "endpointProperties": "[parameters('defaultStandardEndpointProperties')]"
                }
            }
        },
        "cdnProfile": {
            "type": "object",
            "defaultValue": {
                "sku": {
                    "name": "[parameters('cdnSKU')]"
                },
                "endpointProperties": "[parameters('cdnSKUMap')[parameters('cdnSKU')].endpointProperties]"
            }
        }
    },
    "resources": [{
        "apiVersion": "[variables('cdnApiVersion')]",
        "name": "[variables('cdnProfileNameTidy')]",
        "location": "[parameters('location')]",
        "sku": "[parameters('cdnProfile').sku]",
        "type": "Microsoft.Cdn/profiles",
        "resources": [{
            "apiVersion": "[variables('cdnApiVersion')]",
            "name": "[variables('cdnEndpointNameTidy')]",
            "type": "endpoints",
            "location": "[parameters('location')]",
            "dependsOn": [
                "[variables('cdnProfileNameTidy')]"
            ],
            "tags": {
                "displayName": "[variables('cdnEndpointNameTidy')]"
            },
            "properties": "[parameters('cdnProfile').endpointProperties]"
        }]
    }],
    "outputs": {
        "infrastructure": {
            "type": "object",
            "value": {
                "cdnEndpointHostname": "[reference(variables('cdnEndpointNameTidy')).hostName]"
            }
        }
    }
}
