{
  "$schema": "https://schema.management.azure.com/schemas/2015-01-01/deploymentTemplate.json#",
  "contentVersion": "1.0.0.0",
  "parameters": {
    "infrastructure": {
      "type": "secureObject",
      "defaultValue": {
        "omsWorkspaceId": null
      }
    },
    "deploymentId": {
      "type": "string",
      "defaultValue": "[deployment().name]"
    },
    "omsWorkspaceId": {
      "type": "string",
      "defaultValue": "[parameters('infrastructure').omsWorkspaceId]",
      "metadata": {
        "description": "OMS Workspace ID."
      }
    },
    "searchProvider": {
      "type": "string",
      "defaultValue": "Azure"
    }
  },
  "variables": {
    "diagnosticSettingsApiVersion": "2017-05-01-preview"
  },
  "resources": [
    {
      "apiVersion": "[variables('diagnosticSettingsApiVersion')]",
      "name": "[concat(parameters('deploymentId'),'-redis','/Microsoft.Insights/service')]",
      "type": "Microsoft.Cache/Redis/providers/diagnosticSettings",
      "properties": {
        "mode": "Incremental",
        "workspaceId": "[parameters('omsWorkspaceId')]",
        "logs": [],
        "metrics": [
          {
            "enabled": true
          }
        ]
      }
    },
    {
      "apiVersion": "[variables('diagnosticSettingsApiVersion')]",
      "name": "[concat(parameters('deploymentId'),'-as','/Microsoft.Insights/service')]",
      "condition": "[equals(parameters('searchProvider'), 'Azure')]",
      "type": "Microsoft.Search/searchServices/providers/diagnosticSettings",
      "properties": {
        "mode": "Incremental",
        "workspaceId": "[parameters('omsWorkspaceId')]",
        "logs": [],
        "metrics": [
          {
            "enabled": true
          }
        ]
      }
    },
    {
      "apiVersion": "[variables('diagnosticSettingsApiVersion')]",
      "name": "[concat(parameters('deploymentId'),'-sql/',parameters('deploymentId'),'-core-db','/Microsoft.Insights/service')]",
      "type": "Microsoft.Sql/servers/databases/providers/diagnosticSettings",
      "properties": {
        "mode": "Incremental",
        "workspaceId": "[parameters('omsWorkspaceId')]",
        "logs": [],
        "metrics": [
          {
            "enabled": true
          }
        ]
      }
    },
    {
      "apiVersion": "[variables('diagnosticSettingsApiVersion')]",
      "name": "[concat(parameters('deploymentId'),'-sql/',parameters('deploymentId'),'-master-db','/Microsoft.Insights/service')]",
      "type": "Microsoft.Sql/servers/databases/providers/diagnosticSettings",
      "properties": {
        "mode": "Incremental",
        "workspaceId": "[parameters('omsWorkspaceId')]",
        "logs": [],
        "metrics": [
          {
            "enabled": true
          }
        ]
      }
    },
    {
      "apiVersion": "[variables('diagnosticSettingsApiVersion')]",
      "name": "[concat(parameters('deploymentId'),'-sql/',parameters('deploymentId'),'-reporting-db','/Microsoft.Insights/service')]",
      "type": "Microsoft.Sql/servers/databases/providers/diagnosticSettings",
      "properties": {
        "mode": "Incremental",
        "workspaceId": "[parameters('omsWorkspaceId')]",
        "logs": [],
        "metrics": [
          {
            "enabled": true
          }
        ]
      }
    },
    {
      "apiVersion": "[variables('diagnosticSettingsApiVersion')]",
      "name": "[concat(parameters('deploymentId'),'-web-sql/',parameters('deploymentId'),'-web-db','/Microsoft.Insights/service')]",
      "type": "Microsoft.Sql/servers/databases/providers/diagnosticSettings",
      "properties": {
        "mode": "Incremental",
        "workspaceId": "[parameters('omsWorkspaceId')]",
        "logs": [],
        "metrics": [
          {
            "enabled": true
          }
        ]
      }
    },
    {
      "apiVersion": "[variables('diagnosticSettingsApiVersion')]",
      "name": "[concat(parameters('deploymentId'),'-cd-hp','/Microsoft.Insights/service')]",
      "type": "Microsoft.Web/serverFarms/providers/diagnosticSettings",
      "properties": {
        "mode": "Incremental",
        "workspaceId": "[parameters('omsWorkspaceId')]",
        "logs": [],
        "metrics": [
          {
            "enabled": true
          }
        ]
      }
    },
    {
      "apiVersion": "[variables('diagnosticSettingsApiVersion')]",
      "name": "[concat(parameters('deploymentId'),'-cm-hp','/Microsoft.Insights/service')]",
      "type": "Microsoft.Web/serverFarms/providers/diagnosticSettings",
      "properties": {
        "mode": "Incremental",
        "workspaceId": "[parameters('omsWorkspaceId')]",
        "logs": [],
        "metrics": [
          {
            "enabled": true
          }
        ]
      }
    },
    {
      "apiVersion": "[variables('diagnosticSettingsApiVersion')]",
      "name": "[concat(parameters('deploymentId'),'-prc-hp','/Microsoft.Insights/service')]",
      "type": "Microsoft.Web/serverFarms/providers/diagnosticSettings",
      "properties": {
        "mode": "Incremental",
        "workspaceId": "[parameters('omsWorkspaceId')]",
        "logs": [],
        "metrics": [
          {
            "enabled": true
          }
        ]
      }
    },
    {
      "apiVersion": "[variables('diagnosticSettingsApiVersion')]",
      "name": "[concat(parameters('deploymentId'),'-rep-hp','/Microsoft.Insights/service')]",
      "type": "Microsoft.Web/serverFarms/providers/diagnosticSettings",
      "properties": {
        "mode": "Incremental",
        "workspaceId": "[parameters('omsWorkspaceId')]",
        "logs": [],
        "metrics": [
          {
            "enabled": true
          }
        ]
      }
    },
    {
      "apiVersion": "[variables('diagnosticSettingsApiVersion')]",
      "name": "[concat(parameters('deploymentId'),'-cd','/Microsoft.Insights/service')]",
      "type": "Microsoft.Web/sites/providers/diagnosticSettings",
      "properties": {
        "mode": "Incremental",
        "workspaceId": "[parameters('omsWorkspaceId')]",
        "logs": [],
        "metrics": [
          {
            "enabled": true
          }
        ]
      }
    },
    {
      "apiVersion": "[variables('diagnosticSettingsApiVersion')]",
      "name": "[concat(parameters('deploymentId'),'-cm','/Microsoft.Insights/service')]",
      "type": "Microsoft.Web/sites/providers/diagnosticSettings",
      "properties": {
        "mode": "Incremental",
        "workspaceId": "[parameters('omsWorkspaceId')]",
        "logs": [],
        "metrics": [
          {
            "enabled": true
          }
        ]
      }
    },
    {
      "apiVersion": "[variables('diagnosticSettingsApiVersion')]",
      "name": "[concat(parameters('deploymentId'),'-prc','/Microsoft.Insights/service')]",
      "type": "Microsoft.Web/sites/providers/diagnosticSettings",
      "properties": {
        "mode": "Incremental",
        "workspaceId": "[parameters('omsWorkspaceId')]",
        "logs": [],
        "metrics": [
          {
            "enabled": true
          }
        ]
      }
    },
    {
      "apiVersion": "[variables('diagnosticSettingsApiVersion')]",
      "name": "[concat(parameters('deploymentId'),'-rep','/Microsoft.Insights/service')]",
      "type": "Microsoft.Web/sites/providers/diagnosticSettings",
      "properties": {
        "mode": "Incremental",
        "workspaceId": "[parameters('omsWorkspaceId')]",
        "logs": [],
        "metrics": [
          {
            "enabled": true
          }
        ]
      }
    }
  ]
}