{
    "$schema": "http://schema.management.azure.com/schemas/2015-01-01/deploymentTemplate.json#",
    "contentVersion": "1.0.0.0",
    "variables": {
        "webApiVersion": "2018-02-01",
        "sqlServerFqdnTidy": "[toLower(trim(parameters('sqlServerFqdn')))]",
        "masterSqlDatabaseNameTidy": "[toLower(trim(parameters('masterSqlDatabaseName')))]",
        "cmWebAppNameTidy": "[toLower(trim(parameters('cmWebAppName')))]"
    },
    "parameters": {
        "standard": {
            "type": "secureObject",
            "defaultValue": {
                "infrastructure": {
                    "sqlServerFqdn": null
                },
                "sqlServerLogin": null,
                "sqlServerPassword": null,
                "masterSqlDatabaseName": null,
                "deploymentId": null,
                "location": null,
                "cmWebAppName": null
            }
        },
        "extension": {
            "type": "secureObject",
            "defaultValue": {
                "msDeployPackageUrl": null
            }
        },
        "deploymentId": {
            "type": "string",
            "defaultValue": "[coalesce(parameters('standard').deploymentId, resourceGroup().name)]"
        },
        "location": {
            "type": "string",
            "minLength": 1,
            "defaultValue": "[coalesce(parameters('standard').location, resourceGroup().location)]"
        },
        "sqlServerFqdn": {
            "type": "string",
            "minLength": 1,
            "defaultValue": "[coalesce(parameters('standard').infrastructure.sqlServerFqdn, concat(parameters('deploymentId'), '-sql.database.windows.net'))]"
        },
        "sqlServerLogin": {
            "type": "string",
            "minLength": 1,
            "defaultValue": "[parameters('standard').sqlServerLogin]"
        },
        "sqlServerPassword": {
            "type": "securestring",
            "minLength": 8,
            "defaultValue": "[parameters('standard').sqlServerPassword]"
        },
        "masterSqlDatabaseName": {
            "type": "string",
            "minLength": 1,
            "defaultValue": "[coalesce(parameters('standard').masterSqlDatabaseName, concat(parameters('deploymentId'), '-master-db'))]"
        },
        "cmWebAppName": {
            "type": "string",
            "minLength": 1,
            "defaultValue": "[coalesce(parameters('standard').cmWebAppName, concat(parameters('deploymentId'), '-cm'))]"
        },
        "msDeployPackageUrl": {
            "type": "securestring",
            "minLength": 1,
            "defaultValue": "[parameters('extension').msDeployPackageUrl]"
        }
    },
    "resources": [
        {
            "name": "[concat(variables('cmWebAppNameTidy'), '/', 'MSDeploy')]",
            "type": "Microsoft.Web/sites/extensions",
            "location": "[parameters('location')]",
            "apiVersion": "[variables('webApiVersion')]",
            "properties": {
                "addOnPackages": [
                    {
                        "packageUri": "[parameters('msDeployPackageUrl')]",
                        "dbType": "SQL",
                        "connectionString": "[concat('Data Source=tcp:', variables('sqlServerFqdnTidy'), ',1433;Initial Catalog=master;User Id=', parameters('sqlServerLogin'), ';Password=', parameters('sqlServerPassword'), ';')]",
                        "setParameters": {
                            "Master Admin Connection String": "[concat('Encrypt=True;TrustServerCertificate=False;Data Source=', variables('sqlServerFqdnTidy'), ',1433;Initial Catalog=',variables('masterSqlDatabaseNameTidy'),';User Id=', parameters('sqlServerLogin'), ';Password=', parameters('sqlServerPassword'), ';')]"
                        }
                    }
                ]
            }
        }
    ]
}